date,dow,month,dayofyear,temp_c,is_holiday,is_summer_break,y_kwh,is_weekend,weekofyear
2025-02-01,5,2,32,5.916530264096295,0,0,613.5,1,5
2025-02-02,6,2,33,3.1003102966143805,0,0,567.1,1,5
2025-02-03,0,2,34,6.556381370524152,0,0,621.7,0,6
2025-02-04,1,2,35,,0,0,645.9,0,6
2025-02-05,2,2,36,0.9100108498080952,0,0,683.8,0,6
2025-02-06,3,2,37,2.0891960170904476,0,0,658.0,0,6
2025-02-07,4,2,38,4.83287173546475,0,0,680.1,0,6
2025-02-08,5,2,39,3.8305381713836963,0,0,602.1,1,6
2025-02-09,6,2,40,4.317483780650198,0,0,599.6,1,6
2025-02-10,0,2,41,2.535324416783012,0,0,667.7,0,7
2025-02-11,1,2,42,5.892830288859637,0,0,698.8,0,7
2025-02-12,2,2,43,5.584567942985954,0,0,636.0,0,7
2025-02-13,3,2,44,4.05835395209894,0,0,596.1,0,7
2025-02-14,4,2,45,6.080472595686876,0,0,678.0,0,7
2025-02-15,5,2,46,4.663125312041594,0,0,562.4,1,7
2025-02-16,6,2,47,1.9140859338886023,0,0,585.0,1,7
2025-02-17,0,2,48,4.277212687247658,0,0,675.1,0,8
2025-02-18,1,2,49,1.531489712445069,0,0,815.2,0,8
2025-02-19,2,2,50,5.118229614777196,0,0,606.3,0,8
2025-02-20,3,2,51,3.176107609977881,0,0,603.9,0,8
2025-02-21,4,2,52,2.8234467086080026,0,0,624.5,0,8
2025-02-22,5,2,53,1.7511304328992026,0,0,589.3,1,8
2025-02-23,6,2,54,5.480520094442485,0,0,578.2,1,8
2025-02-24,0,2,55,2.651479106638385,0,0,649.1,0,9
2025-02-25,1,2,56,2.0316580023471547,0,0,608.1,0,9
2025-02-26,2,2,57,2.114518416179177,0,0,584.4,0,9
2025-02-27,3,2,58,3.816592627821609,0,0,636.2,0,9
2025-02-28,4,2,59,3.418787764606211,0,0,623.4,0,9
2025-03-01,5,3,60,3.4520458385482056,0,0,577.8,1,9
2025-03-02,6,3,61,3.4296773464498997,0,0,583.0,1,9
2025-03-03,0,3,62,6.79557633734145,0,0,623.1,0,10
2025-03-04,1,3,63,1.6465044666523823,0,0,656.2,0,10
2025-03-05,2,3,64,1.384725641515794,0,0,642.7,0,10
2025-03-06,3,3,65,0.7343803121369374,0,0,651.4,0,10
2025-03-07,4,3,66,3.5494513439842734,0,0,609.1,0,10
2025-03-08,5,3,67,4.533869024221816,0,0,551.0,1,10
2025-03-09,6,3,68,2.009338973820928,0,0,567.4,1,10
2025-03-10,0,3,69,0.5211193451162801,0,0,654.4,0,11
2025-03-11,1,3,70,0.5195678313960226,0,0,622.7,0,11
2025-03-12,2,3,71,3.439723092233452,0,0,633.8,0,11
2025-03-13,3,3,72,3.5979712782010003,0,0,612.2,0,11
2025-03-14,4,3,73,3.173623068823134,0,0,616.1,0,11
2025-03-15,5,3,74,0.735080037163675,0,0,580.2,1,11
2025-03-16,6,3,75,2.5121466183961445,0,0,502.7,1,11
2025-03-17,0,3,76,2.2658651200675273,0,0,585.6,0,12
2025-03-18,1,3,77,2.457489770302041,0,0,578.9,0,12
2025-03-19,2,3,78,3.753542417047803,0,0,551.6,0,12
2025-03-20,3,3,79,2.451404242070407,0,0,596.1,0,12
2025-03-21,4,3,80,3.3585264681817337,0,0,627.1,0,12
2025-03-22,5,3,81,2.135302632470596,0,0,538.8,1,12
2025-03-23,6,3,82,2.580787560454234,0,0,548.1,1,12
2025-03-24,0,3,83,3.2704878909973285,0,0,631.4,0,13
2025-03-25,1,3,84,-0.8980807043827519,0,0,650.3,0,13
2025-03-26,2,3,85,1.3881623565119467,0,0,605.9,0,13
2025-03-27,3,3,86,1.100984356313814,0,0,831.8,0,13
2025-03-28,4,3,87,0.7811456564908981,0,0,608.9,0,13
2025-03-29,5,3,88,1.5287302696289427,0,0,517.1,1,13
2025-03-30,6,3,89,5.091946592798075,0,0,510.8,1,13
2025-03-31,0,3,90,0.3963798957034279,0,0,566.0,0,14
2025-04-01,1,4,91,4.093498264192632,0,0,566.6,0,14
2025-04-02,2,4,92,-1.1769858409487286,0,0,596.1,0,14
2025-04-03,3,4,93,1.5536990952118095,0,0,614.2,0,14
2025-04-04,4,4,94,2.5865837710600865,0,0,632.0,0,14
2025-04-05,5,4,95,3.4740126930456157,0,0,487.4,1,14
2025-04-06,6,4,96,3.7673815014423466,0,0,529.4,1,14
2025-04-07,0,4,97,3.977840214824873,0,0,553.3,0,15
2025-04-08,1,4,98,1.7427564170623593,0,0,597.0,0,15
2025-04-09,2,4,99,1.5673926900450337,0,0,580.7,0,15
2025-04-10,3,4,100,4.262751293382989,0,0,527.5,0,15
2025-04-11,4,4,101,2.221691490706149,0,0,671.3,0,15
2025-04-12,5,4,102,0.1132084421449453,0,0,506.2,1,15
2025-04-13,6,4,103,0.46105010981350114,0,0,505.4,1,15
2025-04-14,0,4,104,0.9545072598943494,0,0,550.7,0,16
2025-04-15,1,4,105,3.8562449916409127,0,0,549.8,0,16
2025-04-16,2,4,106,3.2179907511631454,0,0,577.2,0,16
2025-04-17,3,4,107,4.388008792605283,0,0,556.3,0,16
2025-04-18,4,4,108,2.229092759358058,0,0,574.5,0,16
2025-04-19,5,4,109,3.4798759085334527,0,0,509.7,1,16
2025-04-20,6,4,110,4.4957908593483715,0,0,529.2,1,16
2025-04-21,0,4,111,2.7103213977474416,0,0,551.0,0,17
2025-04-22,1,4,112,4.329535242195906,0,0,515.7,0,17
2025-04-23,2,4,113,2.181643323051892,0,0,584.5,0,17
2025-04-24,3,4,114,2.8714116107913865,0,0,545.6,0,17
2025-04-25,4,4,115,,0,0,579.8,0,17
2025-04-26,5,4,116,1.3973195306930282,0,0,505.4,1,17
2025-04-27,6,4,117,4.8623425407855425,0,0,481.2,1,17
2025-04-28,0,4,118,3.0513920098116474,0,0,555.1,0,18
2025-04-29,1,4,119,4.119354268339893,0,0,590.1,0,18
2025-04-30,2,4,120,5.16236809364464,0,0,588.3,0,18
2025-05-01,3,5,121,5.202753759470707,1,0,472.2,0,18
2025-05-02,4,5,122,5.751553942972102,0,0,535.2,0,18
2025-05-03,5,5,123,4.337147885657023,0,0,503.8,1,18
2025-05-04,6,5,124,3.80306663458228,0,0,455.7,1,18
2025-05-05,0,5,125,4.607946323749814,0,0,538.0,0,19
2025-05-06,1,5,126,1.512573612345788,0,0,536.9,0,19
2025-05-07,2,5,127,2.114982049498263,0,0,541.9,0,19
2025-05-08,3,5,128,2.487840971839642,0,0,510.4,0,19
2025-05-09,4,5,129,3.2648117282508755,0,0,487.5,0,19
2025-05-10,5,5,130,6.186913703790487,0,0,409.7,1,19
2025-05-11,6,5,131,3.7064237915227567,0,0,438.8,1,19
2025-05-12,0,5,132,4.8929917570537835,0,0,505.9,0,20
2025-05-13,1,5,133,8.381587692906653,0,0,498.0,0,20
2025-05-14,2,5,134,5.2062570589417305,0,0,561.7,0,20
2025-05-15,3,5,135,7.531269571084342,0,0,532.4,0,20
2025-05-16,4,5,136,4.328215361889265,0,0,488.7,0,20
2025-05-17,5,5,137,5.925505553450215,0,0,461.1,1,20
2025-05-18,6,5,138,4.578942462719629,0,0,444.4,1,20
2025-05-19,0,5,139,5.945160080792734,0,0,496.2,0,21
2025-05-20,1,5,140,8.449673241423465,0,0,499.1,0,21
2025-05-21,2,5,141,3.461794774240181,0,0,523.1,0,21
2025-05-22,3,5,142,7.934165870319341,0,0,484.6,0,21
2025-05-23,4,5,143,7.691133002117544,0,0,518.9,0,21
2025-05-24,5,5,144,6.179120862931494,0,0,413.9,1,21
2025-05-25,6,5,145,4.62843489714418,0,0,445.3,1,21
2025-05-26,0,5,146,7.819264994087951,0,0,552.7,0,22
2025-05-27,1,5,147,6.771755768585107,0,0,494.9,0,22
2025-05-28,2,5,148,8.4530625682344,0,0,519.0,0,22
2025-05-29,3,5,149,8.18957069650363,0,0,484.9,0,22
2025-05-30,4,5,150,11.508720948168,0,0,486.3,0,22
2025-05-31,5,5,151,7.986842032313074,0,0,427.8,1,22
2025-06-01,6,6,152,6.579994323394429,0,0,427.3,1,22
2025-06-02,0,6,153,9.147974728059923,0,0,455.2,0,23
2025-06-03,1,6,154,9.392801036851898,0,0,483.5,0,23
2025-06-04,2,6,155,11.835468743385697,0,0,443.3,0,23
2025-06-05,3,6,156,10.9524551071178,0,0,482.5,0,23
2025-06-06,4,6,157,10.16191798706529,0,0,494.1,0,23
2025-06-07,5,6,158,12.54148003049836,0,0,419.3,1,23
2025-06-08,6,6,159,7.40475231578948,0,0,414.7,1,23
2025-06-09,0,6,160,8.670835794805551,0,0,479.0,0,24
2025-06-10,1,6,161,8.265853941070974,0,0,460.0,0,24
2025-06-11,2,6,162,9.508609797586464,0,0,486.5,0,24
2025-06-12,3,6,163,7.704587229260488,0,0,421.3,0,24
2025-06-13,4,6,164,11.898447853062802,0,0,446.1,0,24
2025-06-14,5,6,165,10.354292953978948,0,0,359.1,1,24
2025-06-15,6,6,166,8.028073620562896,0,0,376.3,1,24
2025-06-16,0,6,167,9.10978079497159,0,0,493.3,0,25
2025-06-17,1,6,168,11.939473610088996,0,0,472.9,0,25
2025-06-18,2,6,169,13.160409467094679,0,0,428.3,0,25
2025-06-19,3,6,170,15.649481177247493,0,0,401.0,0,25
2025-06-20,4,6,171,17.655709177832055,0,0,358.2,0,25
2025-06-21,5,6,172,12.828818866551993,0,0,383.5,1,25
2025-06-22,6,6,173,10.192939514118876,0,0,463.3,1,25
2025-06-23,0,6,174,8.079888044673462,0,0,466.7,0,26
2025-06-24,1,6,175,13.051266593381754,0,0,427.6,0,26
2025-06-25,2,6,176,11.061671894190741,0,0,457.9,0,26
2025-06-26,3,6,177,12.028346522253957,0,0,403.9,0,26
2025-06-27,4,6,178,11.806120192312171,0,0,435.4,0,26
2025-06-28,5,6,179,12.919679878990733,0,0,394.8,1,26
2025-06-29,6,6,180,15.503814502141294,0,0,383.4,1,26
2025-06-30,0,6,181,13.856137610517584,0,0,455.2,0,27
2025-07-01,1,7,182,13.394500922024623,0,1,414.2,0,27
2025-07-02,2,7,183,11.809686670466354,0,1,425.7,0,27
2025-07-03,3,7,184,10.700295250286239,0,1,394.1,0,27
2025-07-04,4,7,185,13.245105757418155,0,1,427.0,0,27
2025-07-05,5,7,186,14.277560650304123,0,1,399.4,1,27
2025-07-06,6,7,187,18.087683958393495,0,1,325.6,1,27
2025-07-07,0,7,188,14.97831642765713,0,1,376.8,0,28
2025-07-08,1,7,189,16.848385429141292,0,1,427.4,0,28
2025-07-09,2,7,190,14.048601134013328,0,1,395.8,0,28
2025-07-10,3,7,191,12.84068900901866,0,1,438.3,0,28
2025-07-11,4,7,192,13.442777166897098,0,1,390.4,0,28
2025-07-12,5,7,193,14.083994583669371,0,1,393.3,1,28
2025-07-13,6,7,194,19.95177629934416,0,1,347.2,1,28
2025-07-14,0,7,195,14.211360236094484,0,1,405.3,0,29
2025-07-15,1,7,196,17.689268261947696,0,1,429.3,0,29
2025-07-16,2,7,197,14.363404457113234,0,1,389.1,0,29
2025-07-17,3,7,198,18.188140047088275,0,1,365.1,0,29
2025-07-18,4,7,199,17.24935132629064,0,1,379.6,0,29
2025-07-19,5,7,200,16.319303430358737,0,1,362.4,1,29
2025-07-20,6,7,201,16.702813150276143,0,1,311.0,1,29
2025-07-21,0,7,202,15.625106025913594,0,1,410.6,0,30
2025-07-22,1,7,203,17.975708782339282,0,1,375.4,0,30
2025-07-23,2,7,204,16.320976072809767,0,1,421.7,0,30
2025-07-24,3,7,205,14.925562239871645,0,1,336.6,0,30
2025-07-25,4,7,206,14.965138278819971,0,1,376.8,0,30
2025-07-26,5,7,207,18.008795166258764,0,1,305.4,1,30
2025-07-27,6,7,208,20.96273179091185,0,1,320.5,1,30
2025-07-28,0,7,209,18.26374479299671,0,1,394.9,0,31
2025-07-29,1,7,210,17.843938346715653,0,1,385.4,0,31
2025-07-30,2,7,211,18.788521181870564,0,1,381.5,0,31
2025-07-31,3,7,212,20.962686618281086,0,1,378.7,0,31
2025-08-01,4,8,213,18.921383100484835,0,1,393.0,0,31
2025-08-02,5,8,214,17.790780287988913,0,1,324.0,1,31
2025-08-03,6,8,215,20.95327203666594,0,1,360.2,1,31
2025-08-04,0,8,216,19.72427268037478,0,1,403.4,0,32
2025-08-05,1,8,217,22.062304989647544,0,1,391.0,0,32
2025-08-06,2,8,218,19.479226394181964,0,1,402.1,0,32
2025-08-07,3,8,219,16.783679190996384,0,1,402.6,0,32
2025-08-08,4,8,220,16.614018342838083,0,1,446.9,0,32
2025-08-09,5,8,221,22.76773700978663,0,1,338.4,1,32
2025-08-10,6,8,222,23.026547716540065,0,1,332.7,1,32
2025-08-11,0,8,223,19.33127016602398,0,1,371.9,0,33
2025-08-12,1,8,224,19.0327505818952,0,1,366.2,0,33
2025-08-13,2,8,225,22.828522553599885,0,1,352.0,0,33
2025-08-14,3,8,226,17.795711945695928,0,1,373.9,0,33
2025-08-15,4,8,227,18.32214838287397,1,1,346.2,0,33
2025-08-16,5,8,228,21.49765476750698,0,1,355.0,1,33
2025-08-17,6,8,229,19.51875992240207,0,1,352.9,1,33
2025-08-18,0,8,230,20.39223696263833,0,1,373.0,0,34
2025-08-19,1,8,231,20.16761899776578,0,1,415.9,0,34
2025-08-20,2,8,232,21.259164330516782,0,1,409.8,0,34
2025-08-21,3,8,233,23.485949245439514,0,1,382.4,0,34
2025-08-22,4,8,234,20.936559742389797,0,1,377.2,0,34
2025-08-23,5,8,235,22.12508106017369,0,1,363.2,1,34
2025-08-24,6,8,236,16.816057745906825,0,1,366.9,1,34
2025-08-25,0,8,237,20.895525111670015,0,1,359.8,0,35
2025-08-26,1,8,238,19.380400180392243,0,1,398.9,0,35
2025-08-27,2,8,239,18.70045037561936,0,1,409.8,0,35
2025-08-28,3,8,240,19.450283434244927,0,1,379.7,0,35
2025-08-29,4,8,241,20.604128580777914,0,1,404.8,0,35
2025-08-30,5,8,242,23.167223995891238,0,1,315.9,1,35
2025-08-31,6,8,243,18.742914424051495,0,1,396.7,1,35
2025-09-01,0,9,244,21.514463454320154,0,0,461.8,0,36
2025-09-02,1,9,245,20.539564857958677,0,0,428.1,0,36
2025-09-03,2,9,246,,0,0,443.5,0,36
2025-09-04,3,9,247,23.614369906184184,0,0,367.6,0,36
2025-09-05,4,9,248,22.731302532151215,0,0,402.5,0,36
2025-09-06,5,9,249,24.373228184558425,0,0,374.9,1,36
2025-09-07,6,9,250,21.429911000650122,0,0,363.8,1,36
2025-09-08,0,9,251,20.384645621475237,0,0,490.2,0,37
2025-09-09,1,9,252,21.36352866395612,0,0,489.7,0,37
2025-09-10,2,9,253,22.328052027532774,0,0,408.8,0,37
2025-09-11,3,9,254,22.22510458981751,0,0,418.7,0,37
2025-09-12,4,9,255,19.729159885203984,0,0,453.9,0,37
2025-09-13,5,9,256,22.101964791173437,0,0,435.4,1,37
2025-09-14,6,9,257,22.397555307300227,0,0,364.9,1,37
2025-09-15,0,9,258,26.993218410168435,0,0,437.0,0,38
2025-09-16,1,9,259,25.726184433336794,0,0,481.2,0,38
2025-09-17,2,9,260,20.27728236355378,0,0,411.4,0,38
2025-09-18,3,9,261,21.4173218375814,0,0,418.7,0,38
2025-09-19,4,9,262,19.07056723325173,0,0,448.3,0,38
2025-09-20,5,9,263,20.818441478580215,0,0,393.5,1,38
2025-09-21,6,9,264,22.630510665142737,0,0,423.3,1,38
2025-09-22,0,9,265,24.407494097255423,0,0,453.3,0,39
2025-09-23,1,9,266,20.531147463361357,0,0,415.6,0,39
2025-09-24,2,9,267,20.671594543020394,0,0,473.9,0,39
2025-09-25,3,9,268,17.67292843873662,0,0,456.8,0,39
2025-09-26,4,9,269,21.626844186647478,0,0,492.8,0,39
2025-09-27,5,9,270,19.80907172453981,0,0,402.1,1,39
2025-09-28,6,9,271,20.85380661305511,0,0,400.4,1,39
2025-09-29,0,9,272,20.13481550787071,0,0,483.2,0,40
2025-09-30,1,9,273,21.672937374910834,0,0,485.6,0,40
2025-10-01,2,10,274,18.316012954508235,0,0,489.3,0,40
2025-10-02,3,10,275,18.864477210176684,0,0,435.8,0,40
2025-10-03,4,10,276,26.02126033492592,0,0,471.1,0,40
2025-10-04,5,10,277,19.149230398671907,0,0,402.9,1,40
2025-10-05,6,10,278,19.48893634425744,0,0,435.1,1,40
2025-10-06,0,10,279,25.311901288009935,0,0,428.5,0,41
2025-10-07,1,10,280,27.400923238821946,0,0,470.3,0,41
2025-10-08,2,10,281,19.1975322429277,0,0,465.8,0,41
2025-10-09,3,10,282,,0,0,450.6,0,41
2025-10-10,4,10,283,22.11507576144688,0,0,497.8,0,41
2025-10-11,5,10,284,24.830814673454956,0,0,428.5,1,41
2025-10-12,6,10,285,19.338386207265472,0,0,423.8,1,41
2025-10-13,0,10,286,20.757470051400873,0,0,525.0,0,42
2025-10-14,1,10,287,22.73588963496785,0,0,473.1,0,42
2025-10-15,2,10,288,21.98121850225987,0,0,657.1,0,42
2025-10-16,3,10,289,20.287149786763813,0,0,501.6,0,42
2025-10-17,4,10,290,20.696916653873494,0,0,479.6,0,42
2025-10-18,5,10,291,18.137218861552952,0,0,462.7,1,42
2025-10-19,6,10,292,20.330481076352147,0,0,432.7,1,42
2025-10-20,0,10,293,20.191265588031705,0,0,491.1,0,43
2025-10-21,1,10,294,21.103010767089863,0,0,534.1,0,43
2025-10-22,2,10,295,19.440090648258902,0,0,480.9,0,43
2025-10-23,3,10,296,21.403365926007616,0,0,441.8,0,43
2025-10-24,4,10,297,22.392760775984577,0,0,540.7,0,43
2025-10-25,5,10,298,20.58275202779943,0,0,517.4,1,43
2025-10-26,6,10,299,20.877522635047598,1,0,389.5,1,43
2025-10-27,0,10,300,20.18001813817923,0,0,463.9,0,44
2025-10-28,1,10,301,19.971184714054772,0,0,506.8,0,44
2025-10-29,2,10,302,18.422849593780327,0,0,514.0,0,44
2025-10-30,3,10,303,20.391576251416442,0,0,511.5,0,44
2025-10-31,4,10,304,19.454340707514245,0,0,493.0,0,44
2025-11-01,5,11,305,23.72331326179033,0,0,468.4,1,44
2025-11-02,6,11,306,22.569518875820307,0,0,471.8,1,44
2025-11-03,0,11,307,20.078138074297918,0,0,486.0,0,45
2025-11-04,1,11,308,17.661804353494695,0,0,550.5,0,45
2025-11-05,2,11,309,16.84244261180932,0,0,588.6,0,45
2025-11-06,3,11,310,21.326806927266492,0,0,528.0,0,45
2025-11-07,4,11,311,19.345219941198902,0,0,523.5,0,45
2025-11-08,5,11,312,19.65319070219579,0,0,471.9,1,45
2025-11-09,6,11,313,15.074933788030995,0,0,506.1,1,45
2025-11-10,0,11,314,20.28824216716128,0,0,489.9,0,46
2025-11-11,1,11,315,19.20956158627241,0,0,542.4,0,46
2025-11-12,2,11,316,15.945350762127426,0,0,541.2,0,46
2025-11-13,3,11,317,17.086829055794816,0,0,594.7,0,46
2025-11-14,4,11,318,18.419195281036,0,0,541.0,0,46
2025-11-15,5,11,319,17.856833203832263,0,0,531.8,1,46
2025-11-16,6,11,320,17.025993890676567,0,0,466.4,1,46
2025-11-17,0,11,321,17.260136192554018,0,0,568.3,0,47
2025-11-18,1,11,322,16.81831663206063,0,0,564.6,0,47
2025-11-19,2,11,323,17.480980126736828,0,0,534.0,0,47
2025-11-20,3,11,324,19.970891143779355,0,0,552.8,0,47
2025-11-21,4,11,325,11.745154572560526,0,0,608.9,0,47
2025-11-22,5,11,326,16.253891563843407,0,0,495.8,1,47
2025-11-23,6,11,327,16.928338603487404,0,0,460.7,1,47
2025-11-24,0,11,328,17.01366949904492,0,0,563.7,0,48
2025-11-25,1,11,329,15.522911669256668,0,0,548.2,0,48
2025-11-26,2,11,330,12.597093981913186,0,0,573.9,0,48
2025-11-27,3,11,331,16.60910885507737,0,0,567.4,0,48
2025-11-28,4,11,332,19.249228865573812,0,0,518.7,0,48
2025-11-29,5,11,333,12.567093314996788,0,0,483.4,1,48
2025-11-30,6,11,334,17.201684239239153,0,0,522.2,1,48
2025-12-01,0,12,335,14.655161831771078,0,0,568.4,0,49
2025-12-02,1,12,336,15.026767515631825,0,0,517.2,0,49
2025-12-03,2,12,337,12.879891152229304,0,0,609.9,0,49
2025-12-04,3,12,338,14.15216428210744,0,0,593.7,0,49
2025-12-05,4,12,339,17.255719467438478,0,0,559.0,0,49
2025-12-06,5,12,340,15.65470856951308,0,0,488.5,1,49
2025-12-07,6,12,341,17.78705245091059,0,0,536.4,1,49
2025-12-08,0,12,342,16.509596928422688,0,0,591.6,0,50
2025-12-09,1,12,343,14.864652786660864,0,0,844.2,0,50
2025-12-10,2,12,344,17.305466928249338,0,0,592.6,0,50
2025-12-11,3,12,345,14.526164784048577,0,0,602.9,0,50
2025-12-12,4,12,346,15.134247688299423,0,0,587.9,0,50
2025-12-13,5,12,347,12.714784851498177,0,0,558.1,1,50
2025-12-14,6,12,348,13.270286777577907,0,0,552.3,1,50
2025-12-15,0,12,349,11.571279372211478,0,0,639.4,0,51
2025-12-16,1,12,350,14.773940868425916,0,0,584.2,0,51
2025-12-17,2,12,351,10.26657654731352,0,0,603.9,0,51
2025-12-18,3,12,352,14.016110862575042,0,0,589.8,0,51
2025-12-19,4,12,353,11.898200867391784,0,0,630.3,0,51
2025-12-20,5,12,354,14.450007264569859,0,0,575.1,1,51
2025-12-21,6,12,355,13.437229335481469,0,0,530.2,1,51
2025-12-22,0,12,356,15.404781042841288,0,0,589.3,0,52
2025-12-23,1,12,357,13.053105466844329,0,0,617.3,0,52
2025-12-24,2,12,358,8.275663795405716,0,0,621.9,0,52
2025-12-25,3,12,359,11.114197890056014,1,0,567.8,0,52
2025-12-26,4,12,360,8.732672277856455,1,0,496.2,0,52
2025-12-27,5,12,361,9.868982628778294,0,0,536.9,1,52
2025-12-28,6,12,362,13.757178698166612,0,0,525.6,1,52
2025-12-29,0,12,363,11.839343387677278,0,0,560.1,0,1
2025-12-30,1,12,364,8.99639369689257,0,0,605.3,0,1
2025-12-31,2,12,365,8.197273775248853,0,0,610.1,0,1
2026-01-01,3,1,1,10.07908475695081,1,0,546.4,0,1
2026-01-02,4,1,2,7.412106550770443,0,0,665.0,0,1
2026-01-03,5,1,3,8.335290205116134,0,0,560.3,1,1
2026-01-04,6,1,4,10.134620857564823,0,0,535.0,1,1
2026-01-05,0,1,5,11.654993794172832,0,0,621.1,0,2
2026-01-06,1,1,6,10.396446317629685,0,0,654.0,0,2
2026-01-07,2,1,7,4.431732809166598,0,0,626.2,0,2
2026-01-08,3,1,8,9.459317250771,0,0,609.2,0,2
2026-01-09,4,1,9,8.831854868448291,0,0,648.7,0,2
2026-01-10,5,1,10,9.35375235890261,0,0,559.9,1,2
2026-01-11,6,1,11,11.59760323847335,0,0,574.3,1,2
2026-01-12,0,1,12,4.078995009145071,0,0,653.2,0,3
2026-01-13,1,1,13,6.864675261968637,0,0,660.7,0,3
2026-01-14,2,1,14,9.07127509871636,0,0,609.1,0,3
2026-01-15,3,1,15,4.570070369192869,0,0,651.9,0,3
2026-01-16,4,1,16,10.530216576436297,0,0,624.5,0,3
2026-01-17,5,1,17,8.161399464658805,0,0,540.2,1,3
2026-01-18,6,1,18,8.965575878824032,0,0,528.9,1,3
2026-01-19,0,1,19,5.979641222533292,0,0,664.4,0,4
2026-01-20,1,1,20,8.599620182139377,0,0,628.5,0,4
2026-01-21,2,1,21,8.961088009446188,0,0,610.4,0,4
2026-01-22,3,1,22,7.14348465179994,0,0,640.4,0,4
2026-01-23,4,1,23,7.001689056711453,0,0,671.4,0,4
2026-01-24,5,1,24,6.930350216279774,0,0,517.7,1,4
2026-01-25,6,1,25,4.521409863401462,0,0,545.3,1,4
2026-01-26,0,1,26,5.8131817671963315,0,0,624.3,0,5
2026-01-27,1,1,27,5.665076264400568,0,0,684.3,0,5
2026-01-28,2,1,28,6.600575597750607,0,0,651.0,0,5
2026-01-29,3,1,29,7.698927583976903,0,0,658.7,0,5
2026-01-30,4,1,30,3.449562631998264,0,0,626.9,0,5
2026-01-31,5,1,31,5.185876177381465,0,0,551.2,1,5
